[
    {
        "id": 1,
        "name": "Adidas Prophere",
        "alias": "adidas-prophere",
        "price": 350,
        "desc": "The adidas Primeknit upper wraps the foot with a supportive fit that enhances movement.\r\n\r\n",
        "shortDesc": "The midsole contains 20% more Boost for an amplified Boost feeling.\r\n\r\n",
        "stockQty": 995,
        "image": "https://svcy3.myclass.vn/images/adidas-prophere.png"
    },
    {
        "id": 2,
        "name": "Adidas Prophere Black White",
        "alias": "adidas-prophere-black-white",
        "price": 450,
        "desc": "The adidas Primeknit upper wraps the foot with a supportive fit that enhances movement.\r\n\r\n",
        "shortDesc": "The midsole contains 20% more Boost for an amplified Boost feeling.\r\n\r\n",
        "stockQty": 990,
        "image": "https://svcy3.myclass.vn/images/adidas-prophere-black-white.png"
    },
    {
        "id": 3,
        "name": "Adidas Prophere Customize",
        "alias": "adidas-prophere-customize",
        "price": 375,
        "desc": "The adidas Primeknit upper wraps the foot with a supportive fit that enhances movement.\r\n\r\n",
        "shortDesc": "The midsole contains 20% more Boost for an amplified Boost feeling.\r\n\r\n",
        "stockQty": 415,
        "image": "https://svcy3.myclass.vn/images/adidas-prophere-customize.png"
    },
    {
        "id": 4,
        "name": "Adidas Super Star Red",
        "alias": "adidas-super-star-red",
        "price": 465,
        "desc": "The adidas Primeknit upper wraps the foot with a supportive fit that enhances movement.\r\n\r\n",
        "shortDesc": "The midsole contains 20% more Boost for an amplified Boost feeling.\r\n\r\n",
        "stockQty": 542,
        "image": "https://svcy3.myclass.vn/images/adidas-super-star-red.png"
    },
    {
        "id": 5,
        "name": "Adidas Swift Run",
        "alias": "adidas-swift-run",
        "price": 550,
        "desc": "The adidas Primeknit upper wraps the foot with a supportive fit that enhances movement.\r\n\r\n",
        "shortDesc": "The midsole contains 20% more Boost for an amplified Boost feeling.\r\n\r\n",
        "stockQty": 674,
        "image": "https://svcy3.myclass.vn/images/adidas-swift-run.png"
    },
    {
        "id": 6,
        "name": "Adidas Tenisky Super Star",
        "alias": "adidas-tenisky-super-star",
        "price": 250,
        "desc": "The adidas Primeknit upper wraps the foot with a supportive fit that enhances movement.\r\n\r\n",
        "shortDesc": "The midsole contains 20% more Boost for an amplified Boost feeling.\r\n\r\n",
        "stockQty": 456,
        "image": "https://svcy3.myclass.vn/images/adidas-tenisky-super-star.png"
    },
    {
        "id": 7,
        "name": "Adidas Ultraboost 4",
        "alias": "adidas-ultraboost-4",
        "price": 450,
        "desc": "The adidas Primeknit upper wraps the foot with a supportive fit that enhances movement.\r\n\r\n",
        "shortDesc": "The midsole contains 20% more Boost for an amplified Boost feeling.\r\n\r\n",
        "stockQty": 854,
        "image": "https://svcy3.myclass.vn/images/adidas-ultraboost-4.png"
    },
    {
        "id": 8,
        "name": "Adidas Yeezy 350",
        "alias": "adidas-yeezy-350",
        "price": 750,
        "desc": "The adidas Primeknit upper wraps the foot with a supportive fit that enhances movement.\r\n\r\n",
        "shortDesc": "The midsole contains 20% more Boost for an amplified Boost feeling.\r\n\r\n",
        "stockQty": 524,
        "image": "https://svcy3.myclass.vn/images/adidas-yeezy-350.png"
    },
    {
        "id": 9,
        "name": "Nike Adapt BB",
        "alias": "nike-adapt-bb",
        "price": 630,
        "desc": "Nike shoe is the rare high-percentage shooter who's also a coach's dream on D. Designed for his unrivaled 2-way game, the PG 4 unveils a new cushioning system that's lightweight, articulated and responsive, ideal for players like PG who go hard every play.\r\n\r\n",
        "shortDesc": "Paul George is the rare high-percentage shooter",
        "stockQty": 599,
        "image": "https://svcy3.myclass.vn/images/nike-adapt-bb.png"
    },
    {
        "id": 10,
        "name": "Nike Air Max 97",
        "alias": "nike-air-max-97",
        "price": 650,
        "desc": "Nike shoe is the rare high-percentage shooter who's also a coach's dream on D. Designed for his unrivaled 2-way game, the PG 4 unveils a new cushioning system that's lightweight, articulated and responsive, ideal for players like PG who go hard every play.\r\n\r\n",
        "shortDesc": "Paul George is the rare high-percentage shooter",
        "stockQty": 984,
        "image": "https://svcy3.myclass.vn/images/nike-air-max-97.png"
    },
    {
        "id": 11,
        "name": "Nike Air Max 97 Blue",
        "alias": "nike-air-max-97-blue",
        "price": 450,
        "desc": "Nike shoe is the rare high-percentage shooter who's also a coach's dream on D. Designed for his unrivaled 2-way game, the PG 4 unveils a new cushioning system that's lightweight, articulated and responsive, ideal for players like PG who go hard every play.\r\n\r\n",
        "shortDesc": "Paul George is the rare high-percentage shooter",
        "stockQty": 875,
        "image": "https://svcy3.myclass.vn/images/nike-air-max-97-blue.png"
    },
    {
        "id": 12,
        "name": "Nike Air Max 270 React",
        "alias": "nike-air-max-270-react",
        "price": 750,
        "desc": "Nike shoe is the rare high-percentage shooter who's also a coach's dream on D. Designed for his unrivaled 2-way game, the PG 4 unveils a new cushioning system that's lightweight, articulated and responsive, ideal for players like PG who go hard every play.\r\n\r\n",
        "shortDesc": "Paul George is the rare high-percentage shooter",
        "stockQty": 445,
        "image": "https://svcy3.myclass.vn/images/nike-air-max-270-react.png"
    }
]